-- =====================================================
-- SEED DATA - Generated on 2025-11-06T13:48:23.848Z
-- =====================================================
-- This file contains all the data from your database
-- Run this in MySQL Workbench to restore your data

USE race_control;

-- Disable foreign key checks temporarily
SET FOREIGN_KEY_CHECKS = 0;

-- Clear existing data (optional - comment out if you want to keep existing data)
-- TRUNCATE TABLE RaceResult;
-- TRUNCATE TABLE RaceIncident;
-- TRUNCATE TABLE Penalty;
-- TRUNCATE TABLE Race;
-- TRUNCATE TABLE Driver;
-- TRUNCATE TABLE Circuit;
-- TRUNCATE TABLE Team;
-- TRUNCATE TABLE Season;
-- TRUNCATE TABLE User;

-- =====================================================
-- SEASONS
-- =====================================================
INSERT INTO Season (id, year, name, isActive, createdAt, updatedAt) VALUES
(1, 2024, '2024 Formula 1 World Championship', 1, '2025-10-31 08:50:07', '2025-10-31 08:50:07'),
(2, 2025, '2025 Formula 1 World Championship', 0, '2025-10-31 08:50:07', '2025-10-31 08:50:07'),
(3, 2023, '2023 Formula 1 World Championship', 0, '2025-10-31 08:50:07', '2025-10-31 08:50:07');

-- =====================================================
-- TEAMS
-- =====================================================
INSERT INTO Team (id, name, fullName, color, createdAt, updatedAt) VALUES
(1, 'Red Bull', 'Oracle Red Bull Racing', '#003773', '2025-10-31 08:53:17', '2025-10-31 08:53:17'),
(2, 'Ferrari', 'Scuderia Ferrari HP', '#FF0000', '2025-10-31 08:57:42', '2025-10-31 08:57:42'),
(3, 'McLaren', 'McLaren Mercedes', '#ff9500', '2025-10-31 09:01:55', '2025-10-31 09:01:55'),
(4, 'Mercedes', 'Mercedes AMG Petronas', '#00ffee', '2025-10-31 09:05:45', '2025-10-31 09:05:45'),
(5, 'Aston Martin', 'Aramco Aston Martin Racing', '#1D6D1F', '2025-11-05 15:37:30', '2025-11-06 13:00:25');

-- =====================================================
-- DRIVERS
-- =====================================================
INSERT INTO Driver (id, name, number, nationality, dateOfBirth, teamId, points, createdAt, updatedAt) VALUES
(1, 'Max Verstappen', 1, 'Dutch', NULL, 1, 25, '2025-10-31 08:53:36', '2025-10-31 08:53:36'),
(2, 'Yuki Tsunoda', 22, 'Japanese', NULL, 1, 26, '2025-10-31 08:54:16', '2025-10-31 08:54:16'),
(3, 'Lewis Hamilton', 44, 'British', NULL, 2, 53, '2025-10-31 08:57:59', '2025-10-31 08:57:59'),
(4, 'Charles Leclerc', 16, 'Monaco', NULL, 2, 54, '2025-10-31 08:58:14', '2025-10-31 08:58:14'),
(6, 'Lando Norris', 4, 'British', NULL, 3, 69, '2025-10-31 09:02:19', '2025-10-31 09:02:19'),
(7, 'Oscar Piastri', 81, 'Australia', NULL, 3, 75, '2025-10-31 09:02:38', '2025-10-31 09:02:38'),
(8, 'George Russell', 63, 'British', NULL, 4, 52, '2025-10-31 09:06:17', '2025-10-31 09:06:17'),
(9, 'Kimi Antonelli', 12, 'Italian', NULL, 4, 99, '2025-10-31 09:06:47', '2025-10-31 09:06:47'),
(10, 'Fernando Alonso', 14, 'Spanish', NULL, 5, 15, '2025-11-06 12:35:15', '2025-11-06 12:35:15'),
(11, 'Lance Stroll', 18, 'Canadian', NULL, 5, 25, '2025-11-06 12:57:22', '2025-11-06 12:57:22');

-- =====================================================
-- CIRCUITS
-- =====================================================
INSERT INTO Circuit (id, name, location, country, length, laps, createdAt, updatedAt) VALUES
(1, 'Monaco Grand Prix', 'Monte Carlo', 'Monaco', 3.337, 78, '2025-10-31 08:50:07', '2025-10-31 08:50:07'),
(2, 'Silverstone Circuit', 'Silverstone', 'United Kingdom', 5.891, 52, '2025-10-31 08:50:07', '2025-10-31 08:50:07'),
(3, 'Spa-Francorchamps', 'Spa', 'Belgium', 7.004, 44, '2025-10-31 08:50:07', '2025-10-31 08:50:07'),
(4, 'Monza Circuit', 'Monza', 'Italy', 5.793, 53, '2025-10-31 08:50:07', '2025-10-31 08:50:07'),
(5, 'Suzuka Circuit', 'Suzuka', 'Japan', 5.807, 53, '2025-10-31 08:50:07', '2025-10-31 08:50:07'),
(6, 'Interlagos Circuit', 'São Paulo', 'Brazil', 4.309, 71, '2025-10-31 08:50:07', '2025-10-31 08:50:07'),
(7, 'Circuit of the Americas', 'Austin', 'United States', 5.513, 56, '2025-10-31 08:50:07', '2025-10-31 08:50:07'),
(8, 'Red Bull Ring', 'Spielberg', 'Austria', 4.318, 71, '2025-10-31 08:50:07', '2025-10-31 08:50:07'),
(9, 'Hungaroring', 'Budapest', 'Hungary', 4.381, 70, '2025-10-31 08:50:07', '2025-10-31 08:50:07'),
(10, 'Bahrain International Circuit', 'Sakhir', 'Bahrain', 5.412, 57, '2025-10-31 08:50:07', '2025-10-31 08:50:07');

-- =====================================================
-- RACES
-- =====================================================
INSERT INTO Race (id, name, date, circuitId, seasonId, status, isReviewed, reviewedById, createdAt, updatedAt) VALUES
(1, 'MSC Cruises Grande Prêmio de São Paulo 2025', '2025-08-08 00:00:00', 6, 2, 'COMPLETED', 1, 2, '2025-10-31 09:16:33', '2025-10-31 09:19:44'),
(2, 'COTA Texas Grand Prix', '2025-08-31 00:00:00', 7, 2, 'COMPLETED', 1, 2, '2025-10-31 09:35:45', '2025-10-31 09:38:24'),
(3, 'Silverstone grand prix', '2025-09-07 00:00:00', 2, 2, 'COMPLETED', 1, 2, '2025-10-31 09:45:54', '2025-10-31 09:46:53'),
(4, 'Monaco Grand Prix', '2025-09-14 00:00:00', 1, 2, 'COMPLETED', 1, 2, '2025-11-05 16:47:12', '2025-11-05 16:48:05'),
(5, 'Japanese Grand Prix', '2025-09-28 00:00:00', 5, 2, 'COMPLETED', 1, 2, '2025-11-06 13:01:17', '2025-11-06 13:02:15');

-- =====================================================
-- PENALTIES
-- =====================================================
INSERT INTO Penalty (id, type, value, createdAt, updatedAt) VALUES
(1, 'TimePenalty', '20', '2025-10-31 09:18:16', '2025-10-31 09:18:16'),
(2, 'GridPenalty', '10 places', '2025-10-31 09:19:06', '2025-10-31 09:19:06'),
(3, 'TimePenalty', '400', '2025-10-31 09:37:13', '2025-10-31 09:37:13'),
(4, 'TimePenalty', '20', '2025-10-31 09:37:41', '2025-10-31 09:37:41'),
(5, 'TimePenalty', '300', '2025-10-31 09:38:19', '2025-10-31 09:38:19'),
(6, 'TimePenalty', '50', '2025-10-31 09:46:26', '2025-10-31 09:46:26'),
(7, 'TimePenalty', '30', '2025-10-31 09:46:48', '2025-10-31 09:46:48'),
(8, 'TimePenalty', '777777', '2025-11-05 15:41:23', '2025-11-05 15:41:23'),
(9, 'TimePenalty', '400', '2025-11-05 16:46:00', '2025-11-05 16:46:00'),
(10, 'TimePenalty', '355', '2025-11-05 16:47:59', '2025-11-05 16:47:59'),
(11, 'Warning', '10', '2025-11-06 12:24:14', '2025-11-06 12:24:14'),
(12, 'TimePenalty', '10', '2025-11-06 12:29:20', '2025-11-06 12:29:20'),
(13, 'TimePenalty', '70', '2025-11-06 13:08:28', '2025-11-06 13:08:28');

-- =====================================================
-- RACE RESULTS
-- =====================================================
INSERT INTO RaceResult (id, raceId, driverId, teamId, position, points, time, fastestLap, penalty, createdAt, updatedAt) VALUES
(1, 1, 9, 4, 1, 25, '104:45.038', '', '10s', '2025-10-31 09:19:44', '2025-10-31 09:19:44'),
(2, 1, 8, 4, 2, 18, '104:51.556', '', '20s', '2025-10-31 09:19:44', '2025-10-31 09:19:44'),
(3, 1, 6, 3, 3, 15, '105:03.823', '', '0s', '2025-10-31 09:19:44', '2025-10-31 09:19:44'),
(4, 1, 7, 3, 4, 12, '105:25.291', '', '0s', '2025-10-31 09:19:44', '2025-10-31 09:19:44'),
(5, 1, 3, 2, 5, 10, '105:35.890', '', '0s', '2025-10-31 09:19:44', '2025-10-31 09:19:44'),
(6, 1, 4, 2, 6, 8, '105:57.642', '', '0s', '2025-10-31 09:19:44', '2025-10-31 09:19:44'),
(7, 1, 2, 1, 7, 6, '106:42.544', '', '0s', '2025-10-31 09:19:44', '2025-10-31 09:19:44'),
(8, 1, 1, 1, 8, 4, '107:36.298', '', '0s', '2025-10-31 09:19:44', '2025-10-31 09:19:44'),
(9, 2, 7, 3, 1, 25, '83:19.269', '', '0s', '2025-10-31 09:38:24', '2025-10-31 09:38:24'),
(10, 2, 6, 3, 2, 18, '83:22.177', '', '0s', '2025-10-31 09:38:24', '2025-10-31 09:38:24'),
(11, 2, 3, 2, 3, 15, '83:39.624', '', '0s', '2025-10-31 09:38:24', '2025-10-31 09:38:24'),
(12, 2, 4, 2, 4, 12, '83:41.859', '', '0s', '2025-10-31 09:38:24', '2025-10-31 09:38:24'),
(13, 2, 1, 1, 5, 10, '84:13.348', '', '0s', '2025-10-31 09:38:24', '2025-10-31 09:38:24'),
(14, 2, 2, 1, 6, 8, '84:17.296', '', '20s', '2025-10-31 09:38:24', '2025-10-31 09:38:24'),
(15, 2, 9, 4, 7, 6, '82:55.959', '', '300s', '2025-10-31 09:38:24', '2025-10-31 09:38:24'),
(16, 2, 8, 4, 8, 4, '82:56.477', '', '400s', '2025-10-31 09:38:24', '2025-10-31 09:38:24'),
(17, 3, 9, 4, 1, 25, '76:35.117', '', '0s', '2025-10-31 09:46:53', '2025-10-31 09:46:53'),
(18, 3, 7, 3, 2, 18, '76:57.231', '', '0s', '2025-10-31 09:46:53', '2025-10-31 09:46:53'),
(19, 3, 4, 2, 3, 15, '77:26.422', '', '0s', '2025-10-31 09:46:53', '2025-10-31 09:46:53'),
(20, 3, 3, 2, 4, 12, '77:51.664', '', '0s', '2025-10-31 09:46:53', '2025-10-31 09:46:53'),
(21, 3, 8, 4, 5, 10, '77:03.351', '', '50s', '2025-10-31 09:46:53', '2025-10-31 09:46:53'),
(22, 3, 6, 3, 6, 8, '77:24.710', '', '30s', '2025-10-31 09:46:53', '2025-10-31 09:46:53'),
(23, 3, 1, 1, 7, 6, '78:33.479', '', '0s', '2025-10-31 09:46:53', '2025-10-31 09:46:53'),
(24, 3, 2, 1, 8, 4, '79:00.566', '', '0s', '2025-10-31 09:46:53', '2025-10-31 09:46:53'),
(25, 4, 9, 4, 1, 25, '115:04.138', '', '0s', '2025-11-05 16:48:05', '2025-11-05 16:48:05'),
(26, 4, 6, 3, 2, 18, '115:36.833', '', '0s', '2025-11-05 16:48:05', '2025-11-05 16:48:05'),
(27, 4, 4, 2, 3, 15, '115:49.293', '', '0s', '2025-11-05 16:48:05', '2025-11-05 16:48:05'),
(28, 4, 7, 3, 4, 12, '115:49.501', '', '0s', '2025-11-05 16:48:05', '2025-11-05 16:48:05'),
(29, 4, 3, 2, 5, 10, '116:25.846', '', '0s', '2025-11-05 16:48:05', '2025-11-05 16:48:05'),
(30, 4, 8, 4, 6, 8, '114:17.778', '', '355s', '2025-11-05 16:48:05', '2025-11-05 16:48:05'),
(31, 4, 2, 1, 7, 6, '118:00.565', '', '0s', '2025-11-05 16:48:05', '2025-11-05 16:48:05'),
(32, 4, 1, 1, 8, 4, '118:04.062', '', '0s', '2025-11-05 16:48:05', '2025-11-05 16:48:05'),
(33, 5, 11, 5, 1, 25, '77:18.270', '', '0s', '2025-11-06 13:02:15', '2025-11-06 13:02:15'),
(34, 5, 9, 4, 2, 18, '77:41.397', '', '0s', '2025-11-06 13:02:15', '2025-11-06 13:02:15'),
(35, 5, 10, 5, 3, 15, '77:42.653', '', '0s', '2025-11-06 13:02:15', '2025-11-06 13:02:15'),
(36, 5, 8, 4, 4, 12, '78:27.398', '', '0s', '2025-11-06 13:02:15', '2025-11-06 13:02:15'),
(37, 5, 6, 3, 5, 10, '78:51.046', '', '0s', '2025-11-06 13:02:15', '2025-11-06 13:02:15'),
(38, 5, 7, 3, 6, 8, '78:55.719', '', '0s', '2025-11-06 13:02:15', '2025-11-06 13:02:15'),
(39, 5, 3, 2, 7, 6, '78:58.850', '', '0s', '2025-11-06 13:02:15', '2025-11-06 13:02:15'),
(40, 5, 4, 2, 8, 4, '79:20.789', '', '0s', '2025-11-06 13:02:15', '2025-11-06 13:02:15'),
(41, 5, 2, 1, 9, 2, '80:33.424', '', '0s', '2025-11-06 13:02:15', '2025-11-06 13:02:15'),
(42, 5, 1, 1, 10, 1, '80:34.124', '', '0s', '2025-11-06 13:02:15', '2025-11-06 13:02:15');

-- =====================================================
-- RACE INCIDENTS
-- =====================================================
INSERT INTO RaceIncident (id, raceId, driverId, lap, description, penaltyId, createdAt, updatedAt) VALUES
(1, 1, 8, 17, 'Ignoring Double Yellows', 1, '2025-10-31 09:18:16', '2025-10-31 09:18:16'),
(2, 1, 9, 18, 'Ignoring Red Flag', 2, '2025-10-31 09:19:06', '2025-10-31 09:19:06'),
(3, 1, 1, 4, 'Causing Collision', NULL, '2025-10-31 09:19:39', '2025-10-31 09:19:39'),
(4, 2, 8, 17, 'Collision', 3, '2025-10-31 09:37:13', '2025-10-31 09:37:13'),
(5, 2, 2, 19, 'False Start', 4, '2025-10-31 09:37:41', '2025-10-31 09:37:41'),
(6, 2, 9, 20, 'Reckless Driving', 5, '2025-10-31 09:38:19', '2025-10-31 09:38:19'),
(7, 3, 8, 14, 'Collision', 6, '2025-10-31 09:46:26', '2025-10-31 09:46:26'),
(8, 3, 6, 17, 'Collision', 7, '2025-10-31 09:46:48', '2025-10-31 09:46:48'),
(9, 3, 6, 1, 'tried to fly', 8, '2025-11-05 15:41:23', '2025-11-05 15:41:23'),
(10, 3, 6, 51, 'racing incident', 9, '2025-11-05 16:46:00', '2025-11-05 16:46:00'),
(11, 4, 8, 3, 'Collision', 10, '2025-11-05 16:47:59', '2025-11-05 16:47:59'),
(12, 4, 2, 15, 'ahdakdlad', 11, '2025-11-06 12:24:14', '2025-11-06 12:24:14'),
(13, 4, 4, 7, 'time', 12, '2025-11-06 12:29:20', '2025-11-06 12:29:20'),
(14, 5, 7, 6, 'crash', 13, '2025-11-06 13:08:28', '2025-11-06 13:08:28');

-- =====================================================
-- USERS (Passwords need to be set manually)
-- =====================================================
-- Default password for all users: password123
-- You'll need to hash and insert passwords separately

-- User: admin@f1control.com (ADMIN)
-- INSERT INTO User (id, username, password, role, createdAt, updatedAt) VALUES
-- (1, 'admin@f1control.com', '[HASHED_PASSWORD]', 'ADMIN', '2025-10-31 08:50:07', '2025-10-31 08:50:07');

-- User: steward1 (STEWARD)
-- INSERT INTO User (id, username, password, role, createdAt, updatedAt) VALUES
-- (2, 'steward1', '[HASHED_PASSWORD]', 'STEWARD', '2025-10-31 08:50:07', '2025-10-31 08:50:07');

-- User: steward2 (STEWARD)
-- INSERT INTO User (id, username, password, role, createdAt, updatedAt) VALUES
-- (3, 'steward2', '[HASHED_PASSWORD]', 'STEWARD', '2025-10-31 08:50:07', '2025-10-31 08:50:07');

-- Re-enable foreign key checks
SET FOREIGN_KEY_CHECKS = 1;

-- Reset auto-increment values
ALTER TABLE Season AUTO_INCREMENT = 4;
ALTER TABLE Team AUTO_INCREMENT = 6;
ALTER TABLE Driver AUTO_INCREMENT = 12;
ALTER TABLE Circuit AUTO_INCREMENT = 11;
ALTER TABLE Race AUTO_INCREMENT = 6;
ALTER TABLE Penalty AUTO_INCREMENT = 14;
ALTER TABLE RaceResult AUTO_INCREMENT = 43;
ALTER TABLE RaceIncident AUTO_INCREMENT = 15;

SELECT 'Seed data imported successfully!' AS Status;
